name,trim_name,trim,category,tier,deprec_5yr,deprec_source,price,price_year,observed_price,observed_price_odometer,price_source,msrp_source,msrp_trim,msrp_year,msrp,mpg,fuel,tire_class,heavy,gvwr_note,odds_250k,odds_study,quality,longevity,reliability,comfort,db55,db_measured,transmission,engine,longevity_source,risk,complaint_severity_share,complaint_n,complaint_years
Chevrolet Tahoe,,unspecified,Full-size BOF SUV,1,0.453,iSeeCars 2026,46000,,,,,,,,,19.5,Gas,Truck,true,Yes,7.7%,2025 (base 4.8%),90.2,56.8,45.6,63.4,54.5,true,GM 10L80 10-speed,Naturally aspirated V8,iSeeCars 2025 (base 4.8%),5.3L AFM lifter/cam failure; 10L80 valve body. GM 10-spd more reliable than Ford's.,0.7568,740,2019|2021|2023
Chevrolet Tahoe 3.0L Duramax,,unspecified,Full-size BOF SUV,1,0.453,iSeeCars 2026,48000,,,,,,,,,27,Diesel,Truck,true,Yes,7.7%,2025 (base 4.8%),87.2,56.8,57.6,63.4,54.5,true,GM 10L80 10-speed,Diesel,iSeeCars 2025 (base 4.8%),CAUTION: at Indiana prices ($5.35 diesel vs $3.55 gas) the diesel costs MORE per mile to fuel than the gas V8 despite 27 vs 19.5 mpg. Only wins if the diesel premium narrows below ~$1.15/gal.,,,
Chevrolet Suburban,,unspecified,Full-size BOF SUV,1,0.556,iSeeCars 2025,45000,,,,,,,,,19,Gas,Truck,true,Yes,11.8%,2025 (base 4.8%),90.2,67.5,45.6,64.4,54.4,true,GM 10L80 10-speed,Naturally aspirated V8,iSeeCars 2025 (base 4.8%),Same 5.3L AFM lifter risk as Tahoe.,0.7550,298,2021|2023
GMC Yukon,,unspecified,Full-size BOF SUV,1,0.48,iSeeCars 2026,49000,,,,,,,,,19,Gas,Truck,true,Yes,7.8%,2025 (base 4.8%),90.2,57.1,29.0,63.4,54.5,true,GM 10L80 10-speed,Naturally aspirated V8,iSeeCars 2025 (base 4.8%),Same AFM lifter risk. GMC badge premium over Tahoe.,0.8713,567,2019|2021|2023
GMC Yukon XL,,unspecified,Full-size BOF SUV,1,0.48,iSeeCars 2026,50000,,,,,,,,,19,Gas,Truck,true,Yes,9.0%,2025 (base 4.8%),90.2,60.7,29.0,63.4,54.5,true,GM 10L80 10-speed,Naturally aspirated V8,iSeeCars 2025 (base 4.8%),Same AFM lifter risk.,0.8651,393,2021|2023
Ford Expedition,,unspecified,Full-size BOF SUV,2,0.6,iSeeCars 2025,43000,,,,,,,,,18.5,Gas,Truck,true,Yes,19.9%,2023 (base 11.8%),50.2,58.1,52.7,64.4,54.4,true,Ford 10R80 10-speed,Twin-turbo V6,iSeeCars 2023 (base 11.8%),Gen2 3.5 EcoBoost cam-phaser rattle 2018+ ($3.5k-$5.5k) AND 10R80 10-speed. Two known risks stacked.,0.7010,766,2019|2021|2023
Toyota Sequoia (pre-2023 5.7 V8),,unspecified,Full-size BOF SUV,1,0.42,segment est.,46000,,,,,Cars.com,base (current gen proxy),2026,65725,15.5,Gas,Truck,true,Yes,39.1%,2025 (base 4.8%),95.5,97.4,100,52.3,55.7,true,Conventional automatic,Naturally aspirated V8,iSeeCars 2025 (base 4.8%),"#1 longest-lasting vehicle in the 2025 study, 8x the industry average. Worst fuel economy here.",0.4545,11,2019|2021
Nissan Armada,,unspecified,Full-size BOF SUV,2,0.6,iSeeCars 2025,32000,,,,,,,,,17,Gas,Truck,true,Yes,5.8%,2025 (base 4.8%),77.5,49.7,86.4,58.8,55.0,true,Conventional automatic,Naturally aspirated V8,iSeeCars 2025 (base 4.8%),"5.6L V8 + 7-spd conventional, NOT a CVT. Durable but weak resale - that's the cheap-buy opening.",0.7253,91,2019|2021|2023
Cadillac Escalade,,unspecified,Full-size BOF SUV,3,0.618,iSeeCars 2025,70000,2023,70777,40000,"CARFAX 70,777 / CarGurus 69,664 (1,852) / Cars.com 74,948; median taken",TrueCar/Edmunds,base w/ destination,2026,93695,17,Gas,Truck,true,Yes,6.8%,2025 ESV (base 4.8%),54.2,53.7,44.1,54.2,55.5,true,GM 10L80 10-speed,Naturally aspirated V8,iSeeCars 2025 ESV (base 4.8%),Luxury depreciation plus air suspension and electronics. Wrong tool at this mileage.,0.8767,227,2019|2021|2023
Jeep Grand Wagoneer,,unspecified,Full-size BOF SUV,3,0.56,estimate,54000,2023,53350,40000,"Cars.com 52,878 / CarGurus 53,357 / CARFAX 53,820; median taken",TrueCar/Edmunds,base w/ destination,2026,87040,16.5,Gas,Truck,true,Yes,n/a,not available,55.2,45.3,28.4,31.0,58.0,true,ZF 8HP 8-speed,Turbocharged inline-6,estimated from build quality (no study data),"New platform, thin high-mileage data, luxury electronics risk.",0.7045,44,2021|2023
Jeep Grand Cherokee,,unspecified,Mid-size SUV,2,0.51,2025 segment,32000,,,,,,,,,23,Gas,Crossover,true,Yes,n/a,not available,79.2,64.9,30.4,64.8,55.0,false,ZF 8HP 8-speed,Naturally aspirated V6,estimated from build quality (no study data),ZF 8HP is strong BUT flush it at 60k - Jeep calls it lifetime fill. 2021+ WL 850RE early clutch faults.,0.7330,1135,2019|2021|2023
Jeep Grand Cherokee L,,unspecified,3-row crossover,2,0.51,2025 segment,38000,,,,,,,,,22.5,Gas,Crossover,true,Yes,n/a,not available,79.2,64.9,30.4,64.8,55.0,false,ZF 8HP 8-speed,Naturally aspirated V6,estimated from build quality (no study data),Same ZF 8HP / 850RE concerns as Grand Cherokee.,0.7190,153,2021|2023
Jeep Cherokee,,unspecified,Compact crossover,3,0.51,2025 segment,21000,,,,,,,,,25,Gas,Crossover,false,No,n/a,not available,33.2,27.2,17.4,41.7,57.5,false,ZF 9HP 9-speed,Naturally aspirated V6,estimated from build quality (no study data),"ZF 9HP 9-speed: 7,000+ complaints on 2014-15 alone, 82k-unit recall. Bad 180k bet.",0.8538,1765,2019|2021|2023
Jeep Compass,,unspecified,Compact crossover,3,0.51,2025 segment,19000,,,,,,,,,27,Gas,Crossover,false,No,n/a,not available,31.9,26.2,17.4,32.4,58.5,false,ZF 9HP 9-speed,Naturally aspirated I4,estimated from build quality (no study data),Same ZF 9-speed through 2022. Underpowered 2.4L Tigershark.,0.7803,446,2019|2021|2023
Jeep Gladiator,,unspecified,Midsize truck,2,0.356,iSeeCars 2025,34000,,,,,,,,,21,Gas,Truck,true,Yes,n/a,not available,79.2,64.9,42.4,0,62.0,false,ZF 8HP 8-speed,Naturally aspirated V6,estimated from build quality (no study data),"3.6L Pentastar solid, solid axles durable. Death-wobble reports.",0.8158,342,2019|2021|2023
Jeep Wrangler,,unspecified,Midsize SUV,2,0.324,iSeeCars 2025,32000,,,,,,,,,18,Gas,Truck,true,Yes (4-door),4.5%,2025 Unltd (base 4.8%),79.2,43.4,42.4,0,61.5,true,ZF 8HP 8-speed,Naturally aspirated V6,iSeeCars 2025 Unltd (base 4.8%),"Elite resale on demand, not reliability. Death wobble, oil leaks.",0.8688,1967,2019|2021|2023
Jeep Wrangler 4xe,,unspecified,Midsize SUV (PHEV),3,0.51,estimate,35000,,,,,,,,,20.5,Plug-in hybrid,Truck,true,Yes,n/a,not available,52.6,43.1,26.4,0,61.0,true,ZF 8HP 8-speed,Plug-in hybrid + turbo,estimated from build quality (no study data),"Turbo 2.0L + PHEV electronics, unproven at 180k. Early build issues.",,,
Ford Explorer,,unspecified,3-row crossover,3,0.51,2025 segment,32000,,,,,,,,,26,Gas,Crossover,true,Yes,n/a,not available,33.2,27.2,50.7,46.3,57.0,true,Ford 10R80 10-speed,Turbocharged four,estimated from build quality (no study data),"10R80 10-speed rebuild $3,800-$5,200. 2.3L rear-main-seal warped retainer plate.",0.4446,803,2019|2021|2023
Chevrolet Traverse,,unspecified,3-row crossover,2,0.51,2025 segment,31000,,,,,,,,,25,Gas,Crossover,false,Verify,n/a,not available,77.5,63.5,51.6,65.7,54.9,true,Conventional automatic,Naturally aspirated V6,estimated from build quality (no study data),"3.6L V6 timing-chain stretch $2,000-$3,500; water pump $1,080-$1,668. 2024+ 2.5T unproven.",0.7496,571,2019|2021|2023
GMC Acadia,,unspecified,3-row crossover,2,0.51,2025 segment,30000,,,,,,,,,25,Gas,Crossover,false,Verify,n/a,not available,77.5,63.5,33.0,79.6,53.4,true,Conventional automatic,Naturally aspirated V6,estimated from build quality (no study data),"Same GM 3.6L timing chain ($2,786-$3,639 RepairPal); water pump $1,101-$1,530.",0.7350,566,2019|2021|2023
Honda Passport,,unspecified,Mid-size crossover,1,0.463,iSeeCars 2025,33000,,,,,,,,,21,Gas,Crossover,false,Verify,n/a,not available,89.2,73.1,89.4,35.2,58.2,true,9-speed (Honda calibration),Naturally aspirated V6,estimated from build quality (no study data),3.5L NA V6 robust. 9-speed ZF shift quality is the only soft spot.,0.6091,440,2019|2021|2023
Toyota Grand Highlander Hybrid,,unspecified,3-row crossover,1,0.38,estimate,45000,,,,,,,,,32,Hybrid,Crossover,false,Verify,n/a,not available,100.0,82.0,100,100,51.2,true,eCVT (planetary power-split),Hybrid (Toyota-style HSD),estimated from build quality (no study data),Regular hybrid (2.5L + eCVT) is the proven pick. Avoid the 2.4T Hybrid Max until data exists.,,,
Toyota Highlander (gas),,unspecified,3-row crossover,1,0.421,iSeeCars 2025,37000,,,,,,,,,28.5,Gas,Crossover,false,Verify,12.7%,2025 (base 4.8%),95.5,69.3,100,87.0,52.6,true,Conventional automatic,Naturally aspirated V6,iSeeCars 2025 (base 4.8%),Pre-2023 3.5L V6 bulletproof. 2023+ 2.4T turbo is new - prefer the older V6.,0.6004,1131,2019|2021|2023
Toyota Highlander Hybrid,,unspecified,3-row crossover,1,0.38,iSeeCars 2025,36000,2023,39596,40000,"Edmunds/CarGurus, 879 listed 2023 examples",KBB/Edmunds,"XLE (base; Limited 53,270)",2026,48815,34,Hybrid,Crossover,false,Verify,31.0%,2025 (base 4.8%),100.0,91.6,100,87.0,52.6,true,eCVT (planetary power-split),Hybrid (Toyota-style HSD),iSeeCars 2025 (base 4.8%),"#3 overall and top hybrid for longevity. eCVT is a planetary power-split, not a belt CVT.",0.2333,30,2019|2021|2023
Kia Telluride,,unspecified,3-row crossover,2,0.51,2025 segment,34000,,,,,,,,,25,Gas,Crossover,false,"No (5,776-5,917)",n/a,not available,77.5,63.5,68.2,75.0,53.9,true,Conventional automatic,Naturally aspirated V6,estimated from build quality (no study data),3.8L Lambda GDI oil consumption from 60-75k. 2024 valve-spring recall. NOT Sec. 179 eligible.,0.4234,548,2021|2023
Hyundai Palisade,,unspecified,3-row crossover,2,0.51,2025 segment,33000,,,,,,,,,25,Gas,Crossover,false,"No (5,700-5,900)",n/a,not available,77.5,63.5,66.7,70.4,54.4,true,Conventional automatic,Naturally aspirated V6,estimated from build quality (no study data),Same 3.8L oil consumption. Complaint rate 31.7/10k vs Telluride's 23.3. NOT Sec. 179 eligible.,0.4272,810,2021|2023
Mazda CX-9,,unspecified,3-row crossover,2,0.51,2025 segment,28000,,,,,,,,,25.5,Gas,Crossover,false,Verify,n/a,not available,70.5,57.8,65.2,55.6,56.0,false,Conventional automatic,Turbocharged four,estimated from build quality (no study data),2.5T + 6-speed CONVENTIONAL auto. No CVT. Discontinued after 2023.,0.6733,101,2019|2021|2023
Mazda CX-90,,unspecified,3-row crossover,3,0.51,estimate,40000,,,,,,,,,27.5,Gas,Crossover,false,Verify,n/a,not available,53.5,43.9,49.2,42.6,57.4,true,Conventional automatic,Turbocharged inline-6,estimated from build quality (no study data),New 3.3T inline-6 + 8-speed. Early transmission complaints. Too new.,,,
Subaru Ascent,,unspecified,3-row crossover,2,0.51,2025 segment,28000,,,,,,,,,23.5,Gas,Crossover,false,Verify,n/a,not available,56.5,46.3,87.5,41.7,57.5,true,Subaru Lineartronic CVT,Turbocharged four,estimated from build quality (no study data),CVT. Acceptable ONLY with documented fluid changes every 30-60k. 2.4T turbo adds risk.,0.6390,579,2019|2021|2023
Nissan Pathfinder (2022+),,unspecified,3-row crossover,2,0.51,2025 segment,29000,,,,,,,,,24,Gas,Crossover,false,Verify,n/a,not available,77.5,63.5,80.4,52.8,56.3,true,Conventional automatic,Naturally aspirated V6,estimated from build quality (no study data),2022+ dropped the CVT for a conventional 9-speed. AVOID 2013-2020 (Jatco CVT).,0.5886,175,2019|2021|2023
Volkswagen Atlas,,unspecified,3-row crossover,2,0.51,2025 segment,30000,,,,,,,,,24,Gas,Crossover,false,Verify,n/a,not available,77.5,63.5,49.6,75.0,53.9,true,Conventional automatic,Naturally aspirated V6,estimated from build quality (no study data),8-speed conventional is fine. VR6 timing chain; 2.0T carbon buildup and water pump.,0.5254,1045,2019|2021|2023
Dodge Durango,,unspecified,3-row crossover,2,0.51,2025 segment,33000,,,,,,,,,23,Gas,Crossover,true,Yes,n/a,not available,79.2,64.9,25.4,50.9,56.5,true,ZF 8HP 8-speed,Naturally aspirated V6,estimated from build quality (no study data),3.6L V6 + ZF 8HP durable. V8 carries Hemi lifter/cam tick risk.,0.4972,360,2019|2021|2023
Subaru Outback,,unspecified,Mid-size crossover,2,0.51,2025 segment,26000,,,,,,,,,29,Gas,Crossover,false,No,22.3%,2023 (base 11.8%),60.9,60.9,95.5,49.1,56.7,true,Subaru Lineartronic CVT,NA boxer four,iSeeCars 2023 (base 11.8%),CVT secondary pulley bearing noise past 100k. Change fluid 30-60k.,0.4122,1412,2019|2021|2023
Subaru Forester,,unspecified,Compact crossover,2,0.379,iSeeCars 2025,25000,,,,,,,,,31,Gas,Crossover,false,No,n/a,not available,60.9,49.9,95.5,40.7,57.6,true,Subaru Lineartronic CVT,NA boxer four,estimated from build quality (no study data),CVT. NA boxer (no turbo post-2018) is a plus. 2014-2018 FB25 oil consumption.,0.3186,1111,2019|2021|2023
Mazda CX-5,,unspecified,Compact crossover,1,0.51,2025 segment,25000,,,,,,,,,30,Gas,Crossover,false,No,n/a,not available,94.1,77.2,65.2,65.7,54.9,true,Conventional automatic,Naturally aspirated I4,estimated from build quality (no study data),"2.5L NA + 6-speed conventional. No CVT, no turbo on base. RepairPal #1 midsize, $447/yr.",0.6874,467,2019|2021|2023
Nissan Rogue,,unspecified,Compact crossover,3,0.51,2025 segment,23000,,,,,,,,,30,Gas,Crossover,false,No,n/a,not available,30.1,24.7,56.4,75.9,53.8,true,Jatco CVT,Naturally aspirated I4,estimated from build quality (no study data),Jatco CVT. $277.7M class settlement (Stringer v. Nissan). Avoid 2013-2018 entirely.,0.6211,1288,2019|2021|2023
Hyundai Tucson,,unspecified,Compact crossover,2,0.51,2025 segment,22000,,,,,,,,,29,Gas,Crossover,false,No,n/a,not available,76.1,62.4,64.7,60.2,55.5,true,Conventional automatic,Naturally aspirated I4,estimated from build quality (no study data),2.5L NA + conventional 8-speed. Older Theta II GDI oil/knock issues.,0.7972,577,2019|2021|2023
Hyundai Santa Fe,,unspecified,Mid-size crossover,2,0.51,2025 segment,25000,,,,,,,,,27,Gas,Crossover,false,Verify,n/a,not available,60.0,49.2,64.7,33.3,58.4,true,Dual-clutch (wet DCT),Turbocharged four,estimated from build quality (no study data),2.5T uses a wet DCT - clutch wear is the risk. Older 2.4 Theta oil consumption.,0.5786,560,2019|2021|2023
Kia Sportage,,unspecified,Compact crossover,2,0.51,2025 segment,21000,,,,,,,,,29,Gas,Crossover,false,No,n/a,not available,76.1,62.4,66.2,70.4,54.4,true,Conventional automatic,Naturally aspirated I4,estimated from build quality (no study data),2.5L NA + 8-speed. Theta II issues on older units.,0.6238,303,2019|2021|2023
Kia Sorento,,unspecified,3-row crossover,2,0.51,2025 segment,25000,,,,,,,,,27,Gas,Crossover,false,Verify,n/a,not available,60.0,49.2,66.2,71.3,54.3,true,Dual-clutch (wet DCT),Turbocharged four,estimated from build quality (no study data),2.5T + 8-speed DCT. Older 3.3 V6 was more robust.,0.6355,535,2019|2021|2023
Ford Edge,,unspecified,Mid-size crossover,2,0.51,2025 segment,25000,,,,,,,,,27,Gas,Crossover,false,Verify,n/a,not available,70.5,57.8,62.7,72.2,54.2,true,Conventional automatic,Turbocharged four,estimated from build quality (no study data),2.0T water pump coolant intrusion is the known killer. Discontinued 2024.,0.7859,864,2019|2021|2023
Chevrolet Equinox,,unspecified,Compact crossover,2,0.51,2025 segment,19000,,,,,,,,,29,Gas,Crossover,false,No,n/a,not available,70.5,57.8,53.6,34.3,58.3,true,Conventional automatic,Turbocharged four,estimated from build quality (no study data),"1.5L turbo under sustained load; carbon buildup, timing chain.",0.6695,475,2019|2021|2023
Toyota Venza,,unspecified,Compact crossover,1,0.38,estimate (nameplate discontinued 2024),28000,2023,33223,40000,"Cars.com nationwide avg, 2023",,,,,38,Hybrid,Crossover,false,No,n/a,not available,100.0,82.0,100,57.4,55.8,true,eCVT (planetary power-split),Hybrid (Toyota-style HSD),estimated from build quality (no study data),"DISCONTINUED after the 2024 model year; replaced by the Crown Signia. Toyota cited overlap with the Signia, not weak demand. A dead nameplate narrows the used supply and the parts/service network over a 180k cycle, which the resale multiplier does not model. RAV4 Hybrid mechanicals, eCVT. Discontinued 2024. Best MPG on this list.",0.2228,202,2021|2023
Honda HR-V,,unspecified,Subcompact crossover,2,0.34,iSeeCars 2025,20000,,,,,,,,,31,Gas,Crossover,false,No,n/a,not available,63.9,52.4,89.4,47.2,56.9,true,Honda CVT,Naturally aspirated I4,estimated from build quality (no study data),Honda CVT - better record than Nissan's but still a CVT. Underpowered for highway work.,0.2850,965,2019|2021|2023
Lexus RX 350,,unspecified,Luxury mid crossover,1,0.427,iSeeCars 2025,46000,,,,,,,,,29,Gas,Crossover,false,Verify,10.7%,2025 (base 4.8%),95.5,65.0,90.9,75.0,53.9,true,Conventional automatic,Naturally aspirated V6,iSeeCars 2025 (base 4.8%),Pre-2023 3.5L V6 is bulletproof. 2023+ 2.4T turbo is unproven.,0.2636,129,2021|2023
Lexus RX Hybrid,,unspecified,Luxury mid crossover,1,0.427,iSeeCars 2025,48000,,,,,,,,,35,Hybrid,Crossover,false,Verify,17.0%,2025 (base 4.8%),100.0,76.6,90.9,83.3,53.0,true,eCVT (planetary power-split),Hybrid (Toyota-style HSD),iSeeCars 2025 (base 4.8%),#2 longest-lasting hybrid in the 2025 study. Toyota HSD.,,,
Lexus NX Hybrid,,unspecified,Luxury mid crossover,1,0.427,estimate,38000,,,,,,,,,34,Hybrid,Crossover,false,Verify,n/a,not available,100.0,82.0,90.9,54.6,56.1,true,eCVT (planetary power-split),Hybrid (Toyota-style HSD),estimated from build quality (no study data),Toyota HSD in a smaller package.,,,
Toyota RAV4 Hybrid,,unspecified,Compact crossover,1,0.311,iSeeCars 2025,30000,,,,,,,,,35,Hybrid,Crossover,false,No,n/a,not available,100.0,82.0,100,51.9,56.4,true,eCVT (planetary power-split),Hybrid (Toyota-style HSD),estimated from build quality (no study data),Fewest major issues of anything here. eCVT.,0.3529,51,2019|2021|2023
Toyota RAV4 (gas),,unspecified,Compact crossover,1,0.309,iSeeCars 2025,27000,,,,,,,,,28,Gas,Crossover,false,No,18%,2023 (base 11.8%),94.1,55.6,100,38.9,57.8,true,Conventional automatic,Naturally aspirated I4,iSeeCars 2023 (base 11.8%),NA four + conventional 8-speed. Very durable.,0.4383,1401,2019|2021|2023
Honda CR-V,,unspecified,Compact crossover,1,0.352,iSeeCars 2025,26000,,,,,,,,,29,Gas,Crossover,false,No,27.5%,2023 (base 11.8%),94.1,66.2,81.4,37.0,58.0,true,Conventional automatic,Naturally aspirated I4,iSeeCars 2023 (base 11.8%),Avoid the 1.5T in 2017-2019 (oil dilution). NA engine is the safer buy.,0.6422,1906,2019|2021|2023
Honda CR-V Hybrid,,unspecified,Compact crossover,1,0.413,iSeeCars 2025,30000,,,,,,,,,36,Hybrid,Crossover,false,No,n/a,not available,100.0,82.0,89.4,24.1,59.4,true,eCVT (planetary power-split),Hybrid (Toyota-style HSD),estimated from build quality (no study data),"Two-motor hybrid, no conventional transmission to fail.",0.6641,527,2021|2023
Honda Pilot,,unspecified,3-row crossover,1,0.441,iSeeCars 2025,30000,,,,,,,,,23,Gas,Crossover,false,Verify,42.7%,2023 (base 11.8%),89.2,77.2,89.4,25.7,58.9,true,9-speed (Honda calibration),Naturally aspirated V6,iSeeCars 2023 (base 11.8%),"J35 V6 strong. 4WD ~6,096 lb is over the line; some 2WD/Elite ~5,952 under. Check the sticker.",0.5993,1425,2019|2021|2023
Ford Escape Hybrid,,unspecified,Compact crossover,2,0.523,iSeeCars 2025,24000,,,,,,,,,38.5,Hybrid,Crossover,false,No,n/a,not available,82.0,67.2,72.7,28.7,58.9,true,eCVT (planetary power-split),Hybrid (Toyota-style HSD),estimated from build quality (no study data),Shares the Maverick Hybrid powertrain. Steep depreciation is the tradeoff.,0.2500,4,2021
Hyundai Santa Fe Hybrid,,unspecified,Mid-size crossover,2,0.51,2025 segment,28000,,,,,,,,,33,Hybrid,Crossover,false,Verify,n/a,not available,70.5,57.8,72.7,55.6,56.0,true,Conventional automatic,Turbocharged four,estimated from build quality (no study data),"1.6T hybrid + 6-speed AUTOMATIC (not CVT, not DCT). That's a durability plus.",0.7000,20,2021
Kia Sorento Hybrid,,unspecified,3-row crossover,2,0.51,2025 segment,28000,,,,,,,,,34,Hybrid,Crossover,false,Verify,n/a,not available,70.5,57.8,74.2,71.3,54.3,true,Conventional automatic,Turbocharged four,estimated from build quality (no study data),1.6T hybrid + 6-speed automatic.,0.6667,21,2021
Toyota Sienna Hybrid,,unspecified,Minivan,1,0.38,estimate,38000,,,,,,,,,35.5,Hybrid,Crossover,false,Verify,23.3%,2023 (base 11.8%),100.0,62.0,100,52.8,56.3,true,eCVT (planetary power-split),Hybrid (Toyota-style HSD),iSeeCars 2023 (base 11.8%),Hybrid-only since 2021. Genuinely one of the best high-mileage vehicles made.,0.4300,100,2021|2023
Toyota Crown Signia,,unspecified,Mid-size crossover,2,0.38,estimate,45000,,,,,,,,,37,Hybrid,Crossover,false,No,n/a,not available,82.0,67.2,100,71.3,54.3,true,eCVT (planetary power-split),Hybrid (Toyota-style HSD),estimated from build quality (no study data),"Launched MY2025 - too new for field data, but shares proven RX350h/Highlander Hybrid internals.",,,
Toyota Tacoma (pre-2024 V6),,unspecified,Midsize truck,1,0.26,iSeeCars 2026,34000,,,,,,,,,21,Gas,Truck,true,Some configs,41.7%,2023 (base 11.8%),95.5,76.6,100,22.1,58.1,true,Conventional automatic,Naturally aspirated V6,iSeeCars 2023 (base 11.8%),Third-lowest depreciation of any vehicle. NA V6 - avoid the 2024+ turbo four until data exists.,0.6569,341,2019|2021|2023
Toyota Tacoma Hybrid (i-Force Max),,unspecified,Midsize truck,3,0.26,estimate,45000,,,,,,,,,23,Hybrid,Truck,true,Yes,n/a,not available,52.5,43.0,85.0,24.1,58.1,true,Conventional automatic,Turbocharged four,estimated from build quality (no study data),2024+ turbo-4 hybrid. No 150k+ field data. Wait or buy in warranty.,,,
Toyota 4Runner,,unspecified,Body-on-frame SUV,1,0.255,iSeeCars 2026,38000,,,,,,,,,19,Gas,Truck,true,Yes (some),32.9%,2025 (base 4.8%),95.5,93.1,100,34.4,57.1,true,Conventional automatic,Naturally aspirated V6,iSeeCars 2025 (base 4.8%),4.0L V6 + 5-speed auto will outlive you. Thirsty.,0.5391,128,2019|2021|2023
Toyota Tundra (2007-2021 5.7 V8),,unspecified,Full-size truck,1,0.291,iSeeCars 2026,42000,,,,,,,,,17.5,Gas,Truck,true,Yes,30.0%,2025 (base 4.8%),95.5,90.8,100,53.3,55.6,true,Conventional automatic,Naturally aspirated V8,iSeeCars 2025 (base 4.8%),The 5.7L V8 years are the sweet spot. 2022+ twin-turbo V6 is unproven.,0.6883,478,2019|2021|2023
Chevrolet Silverado 1500,,unspecified,Full-size truck,1,0.415,iSeeCars 2025,33000,,,,,,,,,19,Gas,Truck,true,Yes,31.0%,2023 (base 11.8%),90.2,69.1,45.6,43.1,56.7,true,GM 10L80 10-speed,Naturally aspirated V8,iSeeCars 2023 (base 11.8%),"5.3L V8 proven. Parts everywhere, any Indy shop can service it. Watch AFM lifters.",0.8609,2192,2019|2021|2023
GMC Sierra 1500,,unspecified,Full-size truck,1,0.416,iSeeCars 2025,35000,,,,,,,,,19,Gas,Truck,true,Yes,18.3%,2023 (base 11.8%),90.2,56.0,29.0,56.0,55.3,true,GM 10L80 10-speed,Naturally aspirated V8,iSeeCars 2023 (base 11.8%),"Same truck as Silverado, same math, small badge premium.",0.8421,1583,2019|2021|2023
Ford F-150,,unspecified,Full-size truck,2,0.434,iSeeCars 2025,32000,,,,,,,,,18.5,Gas,Truck,true,Yes,19.2%,2023 (base 11.8%),58.2,57.2,60.7,56.0,55.3,true,Ford 10R80 10-speed,Naturally aspirated V8,iSeeCars 2023 (base 11.8%),5.0 V8 over the 3.5 EcoBoost. 10R80 10-speed is the known weak point.,0.9615,26,2019
Ford F-150 Hybrid (PowerBoost),,unspecified,Full-size truck,2,0.434,estimate,42000,,,,,,,,,24,Hybrid,Truck,true,Yes,n/a,not available,50.2,41.2,54.7,82.9,52.4,true,Ford 10R80 10-speed,Twin-turbo V6,estimated from build quality (no study data),"Twin-turbo V6 hybrid + 10R80. Two risk factors stacked, but real MPG gain.",,,
Ram 1500,,unspecified,Full-size truck,2,0.428,iSeeCars 2025,37000,,,,,,,,,20,Gas,Truck,true,Yes,3.5%,2025 (base 4.8%),79.2,37.1,21.4,66.2,54.2,true,ZF 8HP 8-speed,Naturally aspirated V8,iSeeCars 2025 (base 4.8%),ZF 8HP transmission is excellent. 5.7 Hemi MDS lifter/cam tick is the risk - avoid heavy-idle units.,0.7358,2123,2019|2021
Ford Ranger,,unspecified,Midsize truck,2,0.347,iSeeCars 2025,32000,,,,,,,,,25,Gas,Truck,true,Yes,14.1%,2023 (base 11.8%),51.2,49.5,60.7,22.7,58.9,true,Ford 10R80 10-speed,Turbocharged four,iSeeCars 2023 (base 11.8%),2.3L turbo AND the 10R80. Both risk factors present.,0.6856,264,2019
Chevrolet Colorado,,unspecified,Midsize truck,2,0.409,iSeeCars 2025,29000,,,,,,,,,25,Gas,Truck,true,Yes,7.0%,2025 (base 4.8%),77.5,54.4,63.6,36.6,57.4,true,Conventional automatic,Naturally aspirated V6,iSeeCars 2025 (base 4.8%),Pre-2023 3.6L V6 is the durable pick. 2023+ is 2.7T turbo only.,0.7233,347,2019|2021|2023
GMC Canyon,,unspecified,Midsize truck,2,0.381,iSeeCars 2025,30000,,,,,,,,,25,Gas,Truck,true,Yes,8.4%,2025 (base 4.8%),77.5,59.0,47.0,23.6,58.8,true,Conventional automatic,Naturally aspirated V6,iSeeCars 2025 (base 4.8%),Same as Colorado.,0.6506,83,2019|2021|2023
Nissan Frontier (2022+),,unspecified,Midsize truck,1,0.383,iSeeCars 2025,29000,,,,,,,,,22,Gas,Truck,true,Yes,5.0%,2025 (base 4.8%),95.5,46.0,86.4,57.9,55.1,true,Conventional automatic,Naturally aspirated V6,iSeeCars 2025 (base 4.8%),3.8L NA V6 + 9-speed CONVENTIONAL auto. No CVT anywhere in this truck.,0.6071,28,2019
Nissan Titan,,unspecified,Full-size truck,2,0.481,iSeeCars 2025,30000,,,,,,,,,19,Gas,Truck,true,Yes,9.9%,2025 (base 4.8%),77.5,63.1,86.4,43.1,56.7,true,Conventional automatic,Naturally aspirated V8,iSeeCars 2025 (base 4.8%),"5.6L Endurance V8 + 7-speed, solid. Discontinued after 2024. Weak resale.",0.6889,45,2019
Honda Ridgeline,,unspecified,Midsize truck,1,0.424,iSeeCars 2025,28500,,,,,,,,,25,Gas,Truck,true,"Yes (~6,000)",14.7%,2025 (base 4.8%),89.2,73.0,89.4,40.3,57.0,true,9-speed (Honda calibration),Naturally aspirated V6,iSeeCars 2025 (base 4.8%),Best longevity odds of any non-HD pickup. 3.5L NA V6 bulletproof. Unibody - no serious towing.,0.5538,455,2019|2021|2023
Ford Maverick Hybrid,,unspecified,Compact truck,1,0.34,estimate,25000,,,,,,,,,30,Hybrid,Crossover,false,"No (~5,000)",n/a,not available,100.0,82.0,72.7,31.7,57.6,true,eCVT (planetary power-split),Hybrid (Toyota-style HSD),estimated from build quality (no study data),30 mpg in Car and Driver's 75-mph test. eCVT. Cheapest cost per mile of any truck here.,,,
Ford Maverick (2.0T),,unspecified,Compact truck,2,0.34,estimate,25000,,,,,,,,,26,Gas,Crossover,false,"No (~5,000)",n/a,not available,70.5,57.8,72.7,31.7,57.6,true,Conventional automatic,Turbocharged four,estimated from build quality (no study data),2.0T + 8-speed. Take the hybrid instead at this mileage.,0.7710,262,2023
Ford F-250 (HD),,unspecified,Heavy-duty truck,2,0.4,estimate,48000,,,,,,,,,16.5,Gas,Truck,true,"Yes (10,000)",18.6%,2025 (base 4.8%),58.2,78.9,64.7,31.0,58.0,false,Ford 10R80 10-speed,Naturally aspirated V8,iSeeCars 2025 (base 4.8%),6.7 Power Stroke CP4 pump and EGR risk on diesel; 10R140. Only if you need HD capability.,,,
Ram 2500 (Cummins),,unspecified,Heavy-duty truck,2,0.4,estimate,52000,,,,,,,,,19,Diesel,Truck,true,"Yes (10,000)",17.3%,2025 (base 4.8%),74.5,77.1,33.4,32.9,57.8,true,Conventional automatic,Diesel,iSeeCars 2025 (base 4.8%),Cummins I6 durability is legendary. CP4 pump risk on 2019+. Diesel fuel cost is the drag.,0.6463,294,2019|2021
Cadillac Escalade ESV,,unspecified,Full-size BOF SUV,3,0.618,iSeeCars 2026 (Escalade proxy),52000,,,,,Edmunds,base,2026,94100,16.5,Gas,Truck,true,Yes,,,54.2,53.7,44.1,55.2,55.5,false,GM 10L80 10-speed,Naturally aspirated V8,estimated from build quality (no study data),ESTIMATED SCORES. Same 6.2L/10L80 basis as Escalade; longer wheelbase adds mass and tire cost. Air suspension is the documented money pit.,0.9144,187,2019|2021|2023
Lincoln Navigator,,unspecified,Full-size BOF SUV,3,0.58,estimated (luxury BOF segment),50000,,,,,KBB,"base (Reserve 104,590)",2026,94590,18,Gas,Truck,true,Yes,,,52.0,44.0,32.0,58.0,54.0,false,Ford 10R80 10-speed,Twin-turbocharged V6,estimated from build quality (no study data),"ESTIMATED SCORES. Ford 10R80 rebuild runs $3,800-$5,200 and this is the same unit flagged on Explorer and F-150. Twin-turbo V6 adds heat and complexity at 180k.",0.6111,108,2019|2021|2023
Lexus LX 700h,,unspecified,Full-size BOF SUV,1,0.42,estimated (Land Cruiser platform),72000,,,,,Cars.com/US News,"base (to 141,500 loaded)",2026,115735,20,Gas,Truck,true,Yes,,,93.0,90.0,88.0,72.0,51.5,false,Conventional automatic,Twin-turbocharged V6 hybrid,estimated from build quality (no study data),"ESTIMATED SCORES. Land Cruiser 300 platform, the strongest durability case in the segment. Costs the most to buy; twin-turbo hybrid is unproven at 180k versus the old naturally aspirated V8.",,,
